INSERT INTO PHONG (MaPH, LoaiPhong, GiaPhong, TinhTrangPhong, DienTich) VALUES
('PH001','Deluxe',5200000,'Da dat',55),
('PH002','Deluxe',5000000,'Trong',45),
('PH003','Suite',7000000,'Da dat',35),
('PH004','Suite',7000000,'Trong',35),
('PH005','Standard',1500000,'Dang o',25),
('PH006','Standard',1200000,'Dang o',22),
('PH007','Deluxe',5200000,'Trong',58),
('PH008','Deluxe',8000000,'Dang o',59),
('PH009','Suite',6500000,'Trong',40),
('PH010','Standard',1800000,'Dang bao tri',26),
('PH011','Superior',2500000,'Dang o',30),
('PH012','Superior',3000000,'Da dat',32);

INSERT INTO DICHVU (MaDV, TenDV, DonGia) VALUES
('DV001','Spa',800000),
('DV002','Massage',500000),
('DV003','An uong',300000),
('DV004','Khu vui choi',400000),
('DV005','Dua don san bay',700000),
('DV006','Giat ui',200000),
('DV007','Thue xe',900000),
('DV008','Yoga buoi sang',600000),
('DV009','Thue huong dan vien',1200000),
('DV010','Tham quan bien bang cano',1500000);

INSERT INTO KHACHHANG (MaKH, HoTen, CCCD, NgaySinh, GioiTinh, SoDT, Email, DiaChi) VALUES
('KH001','Nguyen Huu Tai','001200452317','2000-03-10','Nam','0912345678','taihuu@gmail.com','Ha Noi'),
('KH002','Tran Thanh Vy','048199983621','1999-12-10','Nu','0376543210','vythanh@yahoo.com','Da Nang'),
('KH003','Le Van Hoang','031095125874','1995-05-22','Nam','0919876543','hoangleidol@gmail.com','Hai Phong'),
('KH004','Ho Thi Minh Khue','079197746231','1997-08-30','Nu','0934567890','khuethi@example.com','TP HCM'),
('KH005','Vo Van Thang','079201985643','2001-11-02','Nam','0345678901','huunghiadep@mail.com','TP HCM'),
('KH006','Vo Huu Nghia','046098366522','1998-04-15','Nam','0911122233','kiet123@gmail.com','Hue'),
('KH007','Tran Minh Chau','001302894523','2002-09-20','Nu','0399988776','chauminh@yahoo.com','Ha Noi'),
('KH008','Le Ngoc Han','030196563214','1996-01-05','Nu','0915566778','hanngoc@gmail.com','Hai Duong'),
('KH009','Bui Van Thanh','036093887654','1993-07-12','Nam','0355544332','thanhbv@hotmail.com','Nam Dinh'),
('KH010','Pham Hoang Phuc','079090991234','1990-02-08','Nam','0981234567','phuc.hp@gmail.com','TP HCM'),
('KH011','Nguyen Thi Kim Anh','025303123456','2003-06-19','Nu','0903456123','kimanhnt@gmail.com','Vinh'),
('KH012','Hoang Gia Bao','048204445512','2004-12-01','Nam','0939876512','giabao.hoang@mail.com','Da Nang'),
('KH013','Dang Minh Tuan','079092998845','1992-11-23','Nam','0377778889','minhtuan.dang@gmail.com','TP HCM'),
('KH014','Truong An Nhien','049197662315','1997-03-15','Nu','0913344556','annhien.t@gmail.com','Quang Nam'),
('KH015','Le Thanh Tung','092094559821','1999-09-09','Nam','0334455667','thanhtung.l@gmail.com','Can Tho');

INSERT INTO DATPHONG (MaDatPhong, MaKH, MaPH, NgayDat, NgayCheckIn, NgayCheckOut, TrangThai) VALUES
('DP001','KH002','PH002','2024-09-01','2024-09-10','2024-09-14','Da thanh toan'),
('DP002','KH005','PH009','2024-09-15','2024-09-25','2024-09-30','Da thanh toan'),
('DP003','KH003','PH005','2024-10-01','2024-10-10','2024-10-13','Da xac nhan'),
('DP004','KH004','PH001','2024-10-05','2024-10-20','2024-10-25','Da xac nhan'),
('DP005','KH006','PH003','2024-11-02','2024-11-15','2024-11-20','Da huy'),
('DP006','KH007','PH004','2024-12-05','2024-12-24','2024-12-28','Da xac nhan'),
('DP007','KH001','PH003','2025-01-02','2025-01-10','2025-01-15','Da xac nhan'),
('DP008','KH008','PH001','2025-01-05','2025-01-18','2025-01-22','Da xac nhan'),
('DP009','KH009','PH009','2025-02-01','2025-02-10','2025-02-14','Da xac nhan'),
('DP010','KH010','PH005','2025-02-25','2025-03-05','2025-03-10','Dang o'),
('DP011','KH011','PH007','2025-03-10','2025-03-20','2025-03-25','Da xac nhan'),
('DP012','KH012','PH004','2025-04-01','2025-04-10','2025-04-15','Da xac nhan'),
('DP013','KH013','PH008','2025-04-20','2025-05-01','2025-05-07','Dang o'),
('DP014','KH014','PH002','2025-05-25','2025-06-05','2025-06-12','Da xac nhan'),
('DP015','KH015','PH001','2025-06-30','2025-07-08','2025-07-15','Da xac nhan'),
('DP016','KH002','PH008','2025-07-20','2025-08-01','2025-08-06','Da xac nhan'),
('DP017','KH004','PH009','2025-08-25','2025-09-05','2025-09-10','Da xac nhan'),
('DP018','KH006','PH003','2025-09-30','2025-10-10','2025-10-16','Da xac nhan'),
('DP019','KH010','PH012','2025-10-25','2025-11-05','2025-11-12','Cho xac nhan'),
('DP020','KH013','PH007','2025-11-20','2025-12-05','2025-12-10','Da xac nhan');

    
INSERT INTO THANHTOAN (MaThanhToan, MaDatPhong, SoTien, PTThanhToan, TTThanhToan, NgayThanhToan) VALUES
('TT001','DP001',4800000,'Chuyen khoan','Da thanh toan','2024-09-14'),
('TT002','DP002',7200000,'Tien mat','Da thanh toan','2024-09-30'),
('TT003','DP003',2000000,'Chuyen khoan','Da thanh toan','2024-10-13'),
('TT004','DP004',3500000,'Voucher','Da thanh toan','2024-10-25'),
('TT005','DP005',0,'Tien mat','Chua thanh toan',NULL),
('TT006','DP006',5600000,'Chuyen khoan','Da thanh toan','2024-12-28'),
('TT007','DP007',6500000,'Chuyen khoan','Da thanh toan','2025-01-15'),
('TT008','DP008',8200000,'Tien mat','Da thanh toan','2025-01-22'),
('TT009','DP009',5000000,'Chuyen khoan','Da thanh toan','2025-02-14'),
('TT010','DP010',3000000,'Tien mat','Thanh toan mot phan','2025-03-08'),
('TT011','DP011',6200000,'Tien mat','Da thanh toan','2025-03-25'),
('TT012','DP012',7100000,'Chuyen khoan','Da thanh toan','2025-04-15'),
('TT013','DP013',0,'Tien mat','Chua thanh toan',NULL),
('TT014','DP014',5400000,'Chuyen khoan','Da thanh toan','2025-06-12'),
('TT015','DP015',5100000,'Tien mat','Da thanh toan','2025-07-15'),
('TT016','DP016',6000000,'Chuyen khoan','Da thanh toan','2025-08-06'),
('TT017','DP017',5800000,'Tien mat','Da thanh toan','2025-09-10'),
('TT018','DP018',6600000,'Chuyen khoan','Da thanh toan','2025-10-16'),
('TT019','DP019',0,'Chuyen khoan','Chua thanh toan',NULL),
('TT020','DP020',5900000,'Tien mat','Da thanh toan','2025-12-10');

INSERT INTO CTDICHVU (MaDatPhong, MaDV, NgaySuDung, SoLuong, ThanhTien) VALUES
('DP002','DV003','2024-09-26',2,600000),
('DP002','DV001','2024-09-27',1,800000),
('DP002','DV002','2024-09-28',1,500000),
('DP003','DV002','2024-10-06',1,500000),
('DP003','DV006','2024-10-07',2,400000),
('DP004','DV001','2024-10-20',1,800000),
('DP004','DV003','2024-10-21',1,300000),
('DP005','DV004','2024-11-17',1,400000),
('DP005','DV003','2024-11-18',2,600000),
('DP006','DV001','2024-12-24',1,800000),
('DP006','DV008','2024-12-26',1,600000),
('DP008','DV001','2025-01-18',1,800000),
('DP008','DV002','2025-01-18',1,500000),
('DP007','DV002','2025-01-10',1,500000),
('DP009','DV001','2025-02-10',1,800000),
('DP010','DV002','2025-03-06',1,500000),
('DP011','DV004','2025-03-20',1,400000),
('DP011','DV007','2025-03-22',1,900000),
('DP012','DV001','2025-04-10',1,800000),
('DP012','DV002','2025-04-10',1,500000),
('DP012','DV003','2025-04-12',2,600000),
('DP013','DV003','2025-05-03',1,300000),
('DP014','DV003','2025-06-05',1,300000),
('DP014','DV002','2025-06-05',1,500000),
('DP015','DV002','2025-07-08',1,500000),
('DP015','DV001','2025-07-08',1,800000),
('DP015','DV003','2025-07-09',2,600000),
('DP016','DV002','2025-08-01',1,500000),
('DP016','DV003','2025-08-03',1,300000),
('DP017','DV010','2025-09-05',1,1500000),
('DP017','DV003','2025-09-08',1,300000),
('DP018','DV004','2025-10-10',1,400000),
('DP018','DV009','2025-10-12',1,1200000);